Title,"Old title","Video iframe","Old iframe",Image,"Old image",Description,"Video key"
"Porsche Panamera S on Morocco",,https://www.youtube.com/embed/rSeP222g2cY,,https://lexani.com//img/vehicles/c28ee38957ee84a13de01d3562abfbd5.jpg?w=450&h=275&fit=crop&s=0bff8d4d2f0801dfac372994d13de617,,"Click subscribe for more videos!

LEXANI.COM
Follow us:
instagram.com/lexani

Porsche Panamera S - E Hybrid
Hyper Flow Forged
22"" Morocco - FB Finish

MUSIC:  ""LAX City Instrumental"" - Astray

WHEELS: http://lexani.com/wheel/morocco

FOR MORE VIDEOS:
http://www.youtube.com/subscription_c...

TWITTER:
TWITTER.COM/LEXANIWHEELS

FACEBOOK:
FACEBOOK.COM/LEXANIWHEELCORPORATION

#Porsche #Panamera #Lexani",,rSeP222g2cY
"Custom Dodge Magnum on Twister",,https://www.youtube.com/embed/c6MQ4kK9mmw,,https://lexani.com//img/vehicles/337c0769c258cb1adfb79fa887ce48a2.jpg?w=450&h=275&fit=crop&s=340af9553af372399ee37c3dde0b9e38,,"Click subscribe for more videos!

LEXANI.COM
Follow us:
instagram.com/lexani

Custom Dodge Magnum
Twister - Color Match Finish

MUSIC:  ""Shadows Instrumental"" - The Bends

WHEELS: http://lexani.com/wheel/twister

FOR MORE VIDEOS:
http://www.youtube.com/subscription_c...

TWITTER:
TWITTER.COM/LEXANIWHEELS

FACEBOOK:
FACEBOOK.COM/LEXANIWHEELCORPORATION

#DodgeMagnum #Magnum #Dodge #SRT #Lexani",,c6MQ4kK9mmw
"All New VERTIGO by Lexani",,https://www.youtube.com/embed/4VdkpKTnu_w,,https://lexani.com//img/vehicles/a3f80e82f348ac63f12d4f0f62292a3f.jpg?w=450&h=275&fit=crop&s=4f2a5b097742b3217421b8f1bb91ba5d,,,,4VdkpKTnu_w
"All New SPIKE - Satin Black Finish",,https://www.youtube.com/embed/9Z_zw2A7rXY,,https://lexani.com//img/vehicles/16d4eab6681a61bd9169e5ffb7c6fcb1.jpg?w=450&h=275&fit=crop&s=7bbe4d131aadf4557e6f053844915073,,LEXANI.com,,9Z_zw2A7rXY
"All New R-TWELVE COVERED by Lexani",,https://www.youtube.com/embed/aSskFfYSY00,,https://lexani.com//img/vehicles/eab8f0b94c5409a2d26f41b5d99b26cb.jpg?w=450&h=275&fit=crop&s=cb9b1687aa1b0339f83541ea43f2af30,,,,aSskFfYSY00
"All New EKKO - Satin Bronze Finish",,https://www.youtube.com/embed/BRg68x6XS5c,,https://lexani.com//img/vehicles/ae78c8b201b4e68b5e603ad4caa9ec9c.jpg?w=450&h=275&fit=crop&s=1066dda6c2d1492546784aba3dffd3f4,,,,BRg68x6XS5c
"All New ARIES - MB Finish",,https://www.youtube.com/embed/3qZiIGsDXlI,,https://lexani.com//img/vehicles/49cfd18c2b2e40c29a14bf2af89adb4c.jpg?w=450&h=275&fit=crop&s=740c5571fabf2242dd60b66a4d56af2f,,,,3qZiIGsDXlI
"Sema Show 2019 Highlights",,https://www.youtube.com/embed/a8g2zaycyfg,,https://lexani.com//img/vehicles/34e3774df5f6c14f116805cf817729bc.jpg?w=450&h=275&fit=crop&s=0ab152f0b97e24a1f99de6e16d181cfd,,"Click subscribe for new videos!

Lexani's Sema 2019 journey begins 5,500 + miles from the show, in Japan.  In collaboration with Lexani Japan: Redesigned Lamborghini Aventadors' were prepped to be seen in the USA for the first time, built by Earth Body Kit and Ark Group/Liberty Walk. 

Thank you to our collaborators: 

Devious Customs, Earth Body Kit, ARK, Rezurxn, Liberty Walk, DuPont Registry, Hennessy, RBP Tire, Lexani Tire, Ekko Media, IKNOWAUTO, Paris Hotel, Lexani Japan, and everyone else who contributed to our 23rd SEMA show.

Video:
ekkomedia.com

Instagram: 
@lexani
http://alturl.com/5riws

FACEBOOK:
http://tinyurl.com/hpyx9h8

LEXANI.COM

#SemaShow #Sema2019 #Lexani",,a8g2zaycyfg
"Jeep Trackhawk on R-Twelve",,https://www.youtube.com/embed/2zuw6OBnXYo,,https://lexani.com//img/vehicles/fbd5fbd7c0c62db2d7f883c9cc2e44df.jpg?w=450&h=275&fit=crop&s=16857b5a74d13f7a5d27ff18c492b7db,,"Click subscribe for more videos!

LEXANI.COM
Follow us:
instagram.com/lexani

Modified 975 HP Jeep Trackhawk
22"" R-Twelve - Satin Bronze
Air Lift Peformance air suspension

MUSIC:  ""Make That Instrumental"" by Gaszia

WHEELS: http://lexani.com/wheel/R-Twelve

FOR MORE VIDEOS:
http://www.youtube.com/subscription_c...

TWITTER:
TWITTER.COM/LEXANIWHEELS

FACEBOOK:
FACEBOOK.COM/LEXANIWHEELCORPORATION

#Trackhawk #Cherokee #Jeep",,2zuw6OBnXYo
"Navigator on 28"" Ghost",,https://www.youtube.com/embed/zBuWsuwcbyc,,https://lexani.com//img/vehicles/7c3ba2aba5ab4ecdfe3ba3ed314bb97a.jpg?w=450&h=275&fit=crop&s=2b3cb974997f0c6dfa89d4c5929bfec1,,"Click subscribe for more videos!

LEXANI.COM
Follow us:
instagram.com/lexani

Lincoln Navigator
28"" Ghost - Custom Finish

MUSIC:  ""Level Up Instrumental"" - Kairo

WHEELS: http://lexani.com/wheel/ghost

FOR MORE VIDEOS:
http://www.youtube.com/subscription_c...

TWITTER:
TWITTER.COM/LEXANIWHEELS

FACEBOOK:
FACEBOOK.COM/LEXANIWHEELCORPORATION

#LincolnNavigator #Navigator #Lexani",,zBuWsuwcbyc
"Mercedes S560's Get Lexani Wheels",,https://www.youtube.com/embed/OtptrVKEO0c,,https://lexani.com//img/vehicles/13ce9a3e206ac699cd241e73073ed964.jpg?w=450&h=275&fit=crop&s=3d99d2eeacfdd1f05f061b6b268c7b68,,"WHICH ARE YOU TAKING?

2019 Mercedes Benz S560 (black) 
22""  LZ-772 Chrome Finish 

2019 Mercedes Benz S560 (white) 
22"" M-Ressa Brushed Finish 

SONG: ""ha ha ha ha instrumental"" by The Seige 

Click subscribe for new videos weekly!

2019 Mercedes Benz S560s on 22"" Lexani Forged Wheels. 

Follow us on Instagram @lexani

INSTAGRAM:
https://www.instagram.com/lexani/

FACEBOOK:
http://tinyurl.com/hpyx9h8

TWITTER:
http://tinyurl.com/hdeceat

LEXANI.COM 

Video by Ekko Media
Contact: ahodges@ekkomedia",,OtptrVKEO0c
"Mustang GT Premium Wide Body on Stuttgart MBT",,https://www.youtube.com/embed/SytTCHTXaa4,,https://lexani.com//img/vehicles/82cbac594779320251428b75affdf8aa.jpg?w=450&h=275&fit=crop&s=3f8b41342383c349d766028cab5dfefa,,"Watch in 4K!

Premium Wide Body Mustang GT
Lexani Stuttgart MBT Finish
Build by @oldskoolfunk
Explore Stuttgart:  https://lexani.com/wheel/Stuttgart-concave

SONG: ""Bad 2 the Bone (instrumental)"" by The Seige

Follow us on Instagram: 

@LEXANI
https://www.instagram.com/lexani/

FACEBOOK:
http://tinyurl.com/hpyx9h8

TWITTER:
http://tinyurl.com/hdeceat",,SytTCHTXaa4
"BMW 530E | F1 Series R-Twelve - Custom Lip",,https://www.youtube.com/embed/w80rsFIcF6Y,,https://lexani.com//img/vehicles/8a67093544ff7f88683df6f44825c4d0.jpg?w=450&h=275&fit=crop&s=2b069269b1ea1c1ceb4c20b0a413f77d,,,,w80rsFIcF6Y
"Mercedes-AMG GT C / Lexani Wheels - Stuttgart MBT Finish",,https://www.youtube.com/embed/9vxu2SSbqjE,,https://lexani.com//img/vehicles/15c3976e77c19632ed4cbad68c5ef016.jpg?w=450&h=275&fit=crop&s=6a1e1092cbb09c975bab077c2ea447b6,,"#MercedesAMG #GTC #Lexani

Thanks for Watching!

Stuttgart by Lexani, seen on this Mercedes-AMG GT C in Gloss Black Finish with Machine Tips.

SIZES:
Front: 20x9.5  (265/30/20)
Rear:  21x12.5  (325/25/21)

SONG: ""Wavs (instrumental)"" by Eddy i

WATCH IN 4K!

Follow us on Instagram: 

@LEXANI
https://www.instagram.com/lexani/

FACEBOOK:
http://tinyurl.com/hpyx9h8

TWITTER:
http://tinyurl.com/hdeceat",,9vxu2SSbqjE
"Ford Mustang on Morocco - FB Finish by Lexani",,https://www.youtube.com/embed/OsEhAnVA6_Q,,https://lexani.com//img/vehicles/d31d93a5bcc6f337c12fbab85ba06c31.jpg?w=450&h=275&fit=crop&s=8ccd6422a21cd7892b5150e44c53c8a8,,,,OsEhAnVA6_Q
"Zero Japan - Lambo Aventador",,https://www.youtube.com/embed/nk5BsbHQdWs,,https://lexani.com//img/vehicles/92068958dd03c9eb1be89eae91a518b7.jpg?w=450&h=275&fit=crop&s=c75c505ffd77137116d9901fdb4868ac,,"ZERO Japan met up with us at the LEXANI Tokyo Owner's Meet with an incredible two tone Lamborghini Aventador on matching LTS-04. 

The build was featured at Tokyo Auto Salon 2019.

-Liberty Walk Ferrari 458 on staggered LTS-04 Candy Red Finish

-Liberty Walk Lamborghini Aventador on LF-Arte Candy Red Finish

WATCH IN 4K!

SONG: 
""Back Then"" Instrumental 
Alexander Lewis
https://www.musicbed.com/artists/alexander-lewis/43702

Follow us on Instagram: 

@LEXANI
https://www.instagram.com/lexani/

FACEBOOK:
http://tinyurl.com/hpyx9h8

TWITTER:
http://tinyurl.com/hdeceat",,nk5BsbHQdWs
"Camaro on Venom Custom Finish",,https://www.youtube.com/embed/5ifXCrwbMfQ,,https://lexani.com//img/vehicles/c29be2677423be8f6ede3132000274ad.jpg?w=450&h=275&fit=crop&s=2d8eaeed6eecca42560a20cf5aafeb82,,"Watch in 4K!

Venom Color-Matched Finish Lexani Wheels!
Sizes: 20x8.5, 20x10, 22x9, 22x10, 24x9, 24x10
Info: https://lexani.com/wheel/venom

Follow us on Instagram: 

@LEXANI
https://www.instagram.com/lexani/

FACEBOOK:
http://tinyurl.com/hpyx9h8

TWITTER:
http://tinyurl.com/hdeceat",,5ifXCrwbMfQ
"Dropped Wide Body Dodge Demon on 22"" Custom LEXANI Wheels (2019)",,https://www.youtube.com/embed/jKaluF2zyxE,,https://lexani.com//img/vehicles/aaf5abdfad9b7c3b525f866cdcbedfa8.jpg?w=450&h=275&fit=crop&s=730fd9b5de6b39374b3cca793d168a71,,"Thanks for watching!

Closer look at one of our SEMA collab vehicles w/ Widebody King, Accuair, Universal Air, and APR Performance.

WATCH IN 4K!

Follow us on Instagram: 

@LEXANI
https://www.instagram.com/lexani/

FACEBOOK:
http://tinyurl.com/hpyx9h8

TWITTER:
http://tinyurl.com/hdeceat",,jKaluF2zyxE
"Stalley Visits Lexani",,https://www.youtube.com/embed/xEdNUnN_YhM,,https://lexani.com//img/vehicles/d5fbc150494db003c06846527b8b7a0d.jpg?w=450&h=275&fit=crop&s=7b6c40f17f8edaa13a38dec41383d686,,,,xEdNUnN_YhM
"R-Twelve - Satin Bronze",,https://www.youtube.com/embed/9zEraEz189M,,https://lexani.com//img/vehicles/9712d6f32d9b9558355858e771b84921.jpg?w=450&h=275&fit=crop&s=99afb0a2aaa4a69e4deaea909adb256f,,,,9zEraEz189M
"LTS-07 - Custom Finish",,https://www.youtube.com/embed/0ANlHuOE_uc,,https://lexani.com//img/vehicles/57c53970e23c9c0b1a99152010169811.jpg?w=450&h=275&fit=crop&s=83d5dfca44deada994461daf944f4163,,,,0ANlHuOE_uc
"R-Twelve - Satin Black with Custom Lip",,https://www.youtube.com/embed/9DSK8B5tACU,,https://lexani.com//img/vehicles/85d8024ee2c2b218485b1765bb7dec2f.jpg?w=450&h=275&fit=crop&s=a0263695d7321a30f3067d85ace0076a,,,,9DSK8B5tACU
"Liberty Walk Exotics In Tokyo: LEXANI WHEELS feat. Ark Group",,https://www.youtube.com/embed/by5G23zUKH4&t=3s,,https://lexani.com//img/vehicles/9cdf6686ae5a8393f8b9cbc8a4e0cdef.jpg?w=450&h=275&fit=crop&s=9302118f1c7afa4691127de4b03fdb27,,"ARK Group joined us at the LEXANI Tokyo Owner's Meet in style. Two exotics with brand new matching red bottom LTS-04 and LF-Arte wheels. The Lamborghini was featured in our Tokyo Auto Salon 2019 booth shortly after and covered far and wide. Special thank you to ARK Group and Lexani Japan.

-Liberty Walk Ferrari 458 on staggered LTS-04 Candy Red Finish

-Liberty Walk Lamborghini Aventador on LF-Arte Candy Red Finish

WATCH IN 4K!

Follow us on Instagram: 

@LEXANI
https://www.instagram.com/lexani/

FACEBOOK:
http://tinyurl.com/hpyx9h8

TWITTER:
http://tinyurl.com/hdeceat",,by5G23zUKH4&t=3s
"BMW M550i on Virage",,https://www.youtube.com/embed/pskQkE13M0,,https://lexani.com//img/vehicles/1231051d7a09f0f92010da89e5616328.jpg?w=450&h=275&fit=crop&s=a6be6d1fde0dc5162da19a4e9fef4d4f,,"Video is not available!",,pskQkE13M0
"Audi S7 on R-Twelve",,https://www.youtube.com/embed/0NONVaxHSAI,,https://lexani.com//img/vehicles/500698d2ac3886f6d0f851a7a1b26177.jpg?w=450&h=275&fit=crop&s=6440ce6618786eec8fc7e7bf1d62fc57,,"Thanks for watching!

Closer look at an Audi S7 on 22"" R-Twelve Satin Bronze and Black Finish 

WATCH IN 4K!

Follow us on Instagram: 

@LEXANI
https://www.instagram.com/lexani/

FACEBOOK:
http://tinyurl.com/hpyx9h8

TWITTER:
http://tinyurl.com/hdeceat",,0NONVaxHSAI
"Custom Body Kit Lamborghini Aventador In AKIHABARA: LEXANI WHEELS (2019)",,https://www.youtube.com/embed/PKH4Q_K49T0,,https://lexani.com//img/vehicles/c0dcf84a6c3a573934c2b4b9869932bc.jpg?w=450&h=275&fit=crop&s=b670e7882755ee2b82b08374e31c7601,,"Earth Body Kit met up with us at the LEXANI Tokyo Owner's Meet with an incredible custom Lamborghini Aventador on matching LC-778 Color Match Finish LEXANI Wheels.

The build was featured at Tokyo Auto Salon 2019.

Lamborghini Aventador LC-778 Color Match Finish

WATCH IN 4K!

SONG: 
""Willoughby Instrumental"" 
The Seige


Follow us on Instagram: 

@LEXANI
https://www.instagram.com/lexani/

FACEBOOK:
http://tinyurl.com/hpyx9h8

TWITTER:
http://tinyurl.com/hdeceat",,PKH4Q_K49T0
"Savage-6 - Gloss Black w/ Brushed Bronze Face",,https://www.youtube.com/embed/Gwz5ef0qCYw,,https://lexani.com//img/vehicles/3b93c66b1ab514b4d1629d06a94318fe.jpg?w=450&h=275&fit=crop&s=88e3010082bbe6e6fbba17ff3df07968,,,,Gwz5ef0qCYw
"Morocco - Silver Finish",,https://www.youtube.com/embed/Rae4lBYjW6Y,,https://lexani.com//img/vehicles/d4fed98dc90d5b0d183f77311d0a7ab9.jpg?w=450&h=275&fit=crop&s=0088076188c9e9b2f111e546db2d2841,,,,Rae4lBYjW6Y
"Morocco - Gloss Black Finish",,https://www.youtube.com/embed/Uqz50TIAnGk,,https://lexani.com//img/vehicles/565b4bc6620904dd5317fbb4ae0dc6a7.jpg?w=450&h=275&fit=crop&s=06eb117d5a0c0740a48282dd3407f06a,,,,Uqz50TIAnGk
"Ressa - Satin Bronze",,https://www.youtube.com/embed/m_kvUQ_JCkM,,https://lexani.com//img/vehicles/ebc65c15d85cd1e8fffae0315b7b067e.jpg?w=450&h=275&fit=crop&s=b8b3403713018b4d30ad2def0087f4fc,,,,m_kvUQ_JCkM
"Ressa - MB Finish",,https://www.youtube.com/embed/Rm7EDON2Z9I,,https://lexani.com//img/vehicles/6b598152f1314c575df83518edec81dc.jpg?w=450&h=275&fit=crop&s=35a9118327fe491c5301536a87f5568c,,,,Rm7EDON2Z9I
"R-Twenty - Silver Finish",,https://www.youtube.com/embed/7ENEp5FVSUs,,https://lexani.com//img/vehicles/691a68207a11d58220e86f3283941f6e.jpg?w=450&h=275&fit=crop&s=6482ac8fb33b5aaf245e04b3c602b325,,,,7ENEp5FVSUs
"R-Twenty - Satin Bronze",,https://www.youtube.com/embed/M7RwhTNAOw4,,https://lexani.com//img/vehicles/f8da23aefd1f9ceb5bf84ca8dad02d75.jpg?w=450&h=275&fit=crop&s=f589d1d1a5d393ddda24b556a5ec6fcf,,,,M7RwhTNAOw4
"R-Four - Gloss Black and Brushed w/ Red Tint",,https://www.youtube.com/embed/E4p-N9wRm68,,https://lexani.com//img/vehicles/916ed3be0957718f7a296dc917deb4ef.jpg?w=450&h=275&fit=crop&s=5bd7d3b15cd7406df029b44350ebf620,,,,E4p-N9wRm68
"Ford Mustang On Savage Satin Bronze and Black Finish",,https://www.youtube.com/embed/KPrYpHD5BEQ,,https://lexani.com//img/vehicles/5ba420ea3df26a5291793a17f6b84e68.jpg?w=450&h=275&fit=crop&s=b6ef8bbf8a0737629ebefb7caa971159,,,,KPrYpHD5BEQ
"Custom Lamborghini Aventador on LZ-753",,https://www.youtube.com/embed/zgg41yVynBU,,https://lexani.com//img/vehicles/7deb3090dc659b35c5ac10483b4b1b2b.jpg?w=450&h=275&fit=crop&s=a8f5d6f101667b916a5be0a0ee2b8bcd,,"Click subscribe for new videos weekly!

LEXANI.COM 

Video by Ekko Media
Contact: ahodges@ekkomedia

Custom Lamborghini Aventador
LZ-753 Matisse Brushed Finish
Lexani Sport Series
http://lexani.com/tags/sport/

Follow us on Instagram @lexani
http://instagram.com/lexani

Like us on Facebook
https://www.facebook.com/lexaniwheelc...

Music ""Electronic Epic Space"" by musicpaints",,zgg41yVynBU
"R-Twenty - Satin Black Finish",,https://www.youtube.com/embed/R0uP_b40bOc,,https://lexani.com//img/vehicles/ac84e44de34033a3dddbfa094fdd11fa.jpg?w=450&h=275&fit=crop&s=2864e52de54f92226b84cfa7ee1a54ed,,,,R0uP_b40bOc
"Bavaria - Rose Gold Finish",,https://www.youtube.com/embed/X_lz3bESqfU,,https://lexani.com//img/vehicles/ed3d9679bcc9445334d055238e34056e.jpg?w=450&h=275&fit=crop&s=a6ced63fd51d459fe2442ec14e7796c9,,,,X_lz3bESqfU
"A Day with Christian Hosoi",,https://www.youtube.com/embed/CsZH3L77XPs,,https://lexani.com//img/vehicles/42dd6d344fa7f28f876125854832d37a.jpg?w=450&h=275&fit=crop&s=b6482b55e7a5b289565db006df9399ce,,,,CsZH3L77XPs
"BMW F32 4-Series on 20"" Gravity",,https://www.youtube.com/embed/hjiM89XnGVc,,https://lexani.com//img/vehicles/22a591aa042d781f18387ba0bd0c48df.jpg?w=450&h=275&fit=crop&s=87a77bf32902aebfcdfe55a01e0ea070,,"Click subscribe for new videos weekly!

LEXANI.COM

BMW F32 428i on 20"" Gravity Custom Finish

- AFE (advanced FLOW engineering) Magnum FORCE Intake System Stage-2 Pro Air Intake

- AFE (advanced FLOW engineering) MACH Force XP exhaust system

- JMS exclusive front lip with central diffuser

Follow us on Instagram @lexani

INSTAGRAM:
http://alturl.com/5riws

FACEBOOK:
http://tinyurl.com/hpyx9h8

TWITTER:
http://tinyurl.com/hdeceat

LEXANI.COM 

Video by Ekko Media
Contact: ahodges@ekkomedia

Music: ""Exselsor"" by Megapolis Butterfly
http://audiojungle.net/item/epic-orchestral-glitch-step/5417108",,hjiM89XnGVc
"Rolls Royce Phantom on 26"" LF-722",,https://www.youtube.com/embed/cmoubYTcu6o,,https://lexani.com//img/vehicles/742323ebbd9ba72bcf77c8bbe6dea1f8.jpg?w=450&h=275&fit=crop&s=271afaa00d41c8d33cdbf53e5aba9f43,,"Click subscribe for new videos weekly!

INSTAGRAM:
http://alturl.com/5riws

FACEBOOK:
http://tinyurl.com/hpyx9h8

TWITTER:
http://tinyurl.com/hdeceat

LEXANI.COM 

Video by Ekko Media
Contact: ahodges@ekkomedia

Rolls Royce Phantom by Starrring 
26"" LF-722 Chrome and Black Finish

Music: MultiMusic ""Dream Night""
http://audiojungle.net/item/inspirational-trap/9536607?s_rank=2",,cmoubYTcu6o
"Ghost - BG Finish",,https://www.youtube.com/embed/PDcGJn3rDDk,,https://lexani.com//img/vehicles/443dbb1e4f891b2b1e5e6786b88a696c.jpg?w=450&h=275&fit=crop&s=356551b5de39e6f46fa4faaa4a11e6eb,,,,PDcGJn3rDDk
"Maserati GranTurismo MC Stradale Centennial Edition",,https://www.youtube.com/embed/KdLD-lFdmxU,,https://lexani.com//img/vehicles/8525b08f74713702df0cf51f713f46b6.jpg?w=450&h=275&fit=crop&s=6e31eb919b040a436f7190de7231487a,,"Click subscribe for new videos weekly!

Maserati Gran Turismo MC - 100 Year Anniversary Edition
Pegasus BG Finish - Lexani Wheels

Follow us on Instagram @lexani

INSTAGRAM:
http://alturl.com/5riws

FACEBOOK:
http://tinyurl.com/hpyx9h8

TWITTER:
http://tinyurl.com/hdeceat

LEXANI.COM 

Video by Ekko Media
Contact: ahodges@ekkomedia

Song: ""Epic Hybrid 2"" by A-Ra 
http://audiojungle.net/item/epic-hybrid-trailer-2/12412503",,KdLD-lFdmxU
"Twin Blacked Out Rolls Royce Wraiths",,https://www.youtube.com/embed/ypw7ob3zJXQ,,https://lexani.com//img/vehicles/2c27eb6f1c5d9e988c285d894b9c4a1e.jpg?w=450&h=275&fit=crop&s=bb3fc08fef8f3c993c3184b7fe9c0682,,"Click subscribe for new videos!

Rolls Royce Wraiths by Ferraghini UK
24"" Johnson II Black Finish

Follow Ferraghini on Instagram:
@ferraghini_performance_cars
LINK: goo.gl/UVgQre

Follow us on Instagram: 
@lexani
http://alturl.com/5riws

FACEBOOK:
http://tinyurl.com/hpyx9h8

TWITTER:
http://tinyurl.com/hdeceat

LEXANI.COM 

http://www.ferraghini-supercars.co.uk/

Cinematography: 
Ladi Michael

Ladi's Youtube Channel: 
https://www.youtube.com/c/OladipupoAdisa

Ladi's Instagram:
https://www.instagram.com/ladimichael/

Editing:
Ekkomedia.com

Song ""Fight For Your Freedom"" by Symphony-of-Specters
LINK: https://audiojungle.net/item/the-kings-summit/129151",,ypw7ob3zJXQ
"Extreme Autofest Bikini Contest and Lexani Rides",,https://www.youtube.com/embed/iMENXzAz_R0,,https://lexani.com//img/vehicles/71731f943b8912e6909388e718d318e7.jpg?w=450&h=275&fit=crop&s=9de32aaba95320a540aeceb0b99fca4c,,"Watch in 1080p HD and click subscribe for new videos weekly!

Special thanks to our friends at Extreme Autofest for another year of incredible builds, burn outs, good music, and pure madness.

http://www.extremeautofest.com/

LEXANI.COM

Music provided by Audiojungle.com

Follow us on Instagram @lexani
http://alturl.com/5riws

Like us on Facebook
https://www.facebook.com/lexaniwheelcorporation",,iMENXzAz_R0
"R-Four - Bronze Finish",,https://www.youtube.com/embed/vk9qsoIiYJw,,https://lexani.com//img/vehicles/f1ca6f85c9d6c874246bf8530464e2ab.jpg?w=450&h=275&fit=crop&s=f70ebc22b671760815b585d466c81d01,,,,vk9qsoIiYJw
"BMW 530E on 20"" Savage Satin Bronze by Lexani",,https://www.youtube.com/embed/EZf5PJ86Cdo,,https://lexani.com//img/vehicles/e7182952b8898cce959c4101b0ab769e.jpg?w=450&h=275&fit=crop&s=3dd8a7a4effcbc45c356f5e332fc4b9c,,,,EZf5PJ86Cdo
"Tyga Hosts Lexani Lifestyle Party",,https://www.youtube.com/embed/sU691fBqmQ0,,https://lexani.com//img/vehicles/1d017fcd35adad13bf9a47784dd36d2f.jpg?w=450&h=275&fit=crop&s=854942c8c928fe85b2e040e6233132d6,,,,sU691fBqmQ0
"Cadillac Escalade on Rose Gold 26"" CSS-15",,https://www.youtube.com/embed/RfT9v9KRRoA,,https://lexani.com//img/vehicles/1887e90f613ea30e1d84baf6a784ad66.jpg?w=450&h=275&fit=crop&s=13c7419b0e1c347f81fb4d00492743a0,,"Behind the scenes of our photo shoot with CALWING/213MOTORING and Next Nation Body Kit's custom Cadillac Escalade in the streets Tokyo! 

Click subscribe for new videos weekly!

Watch in 1080p HD!

LEXANI.COM 

Special thanks to: 
CALWING 213 MOTORING, Next Nation, and Lexani Tire.

Follow us on Instagram @lexani

INSTAGRAM:
http://alturl.com/5riws

FACEBOOK:
http://tinyurl.com/hpyx9h8

TWITTER:
http://tinyurl.com/hdeceat

LEXANI.COM 

Video by Ekko Media
Contact: ahodges@ekkomedia

Music: ""Cartoon"" by Loud Beats
http://loudbeats.co/",,RfT9v9KRRoA
"Mainz - BG Finish",,https://www.youtube.com/embed/dGbjH0TenBU,,https://lexani.com//img/vehicles/999e2957bfbdca330b8c795f4bd45467.jpg?w=450&h=275&fit=crop&s=14c43a38709553e28bc6a656f338e893,,,,dGbjH0TenBU
"Bubba James Stewart - Day In The Life",,https://www.youtube.com/embed/QCK6xG36Z-k,,https://lexani.com//img/vehicles/2171c05343ad79660da6a3224f14b9e0.jpg?w=450&h=275&fit=crop&s=4c182d8e4473a4e0dd102ce3a12b09fb,,"Click subscribe for new videos weekly!

Thank you to James Stewart and his family for the memories and hospitality. 

Day in the Life summer 2014 - Two part interview coming soon

Mercedes G63 // 24"" LZ-109

1969 Camaro // LS-717 Chrome 

MUSIC: Beat Reproduction by DJ Enigma

CLICK FOR MORE VIDEOS:
http://www.youtube.com/subscription_c...

FOLLOW US ON INSTAGRAM:
INSTAGRAM.COM/LEXANI

FOLLOW US ON TWITTER:
TWITTER.COM/LEXANIWHEELS

LIKE US ON FACEBOOK:
FACEBOOK.COM/LEXANIWHEELCORPORATION",,QCK6xG36Z-k
"LZ-771 Radon - Brushed Finish",,https://www.youtube.com/embed/TDnNL82bUg4,,https://lexani.com//img/vehicles/3474ed1e963f55a263d325cd2a1404ca.jpg?w=450&h=275&fit=crop&s=41b68b9433f79681542ce01d13bfd581,,,,TDnNL82bUg4
"Tokyo Auto Salon 2017: ""Beasts In The East"" Lexani Tour Pt. 1",,https://www.youtube.com/embed/95fLBLRCnrg,,https://lexani.com//img/vehicles/1d0a6b1016f8a2b8ebb2d256cd8ae4b2.jpg?w=450&h=275&fit=crop&s=898568dcc729d782fd099cda11aeb610,,"From Tokyo, to Shizuoka,  to Chiba, and beyond. ""Beasts in the East"" is a multipart series from Lexani Cinema.

Click subscribe for more videos!

Special thanks to our family of owner's in Japan for always making our trips so memorable. 

Follow us on Instagram: 
@lexani
http://alturl.com/5riws

FACEBOOK:
http://tinyurl.com/hpyx9h8

TWITTER:
http://tinyurl.com/hdeceat

""Take It"" - performed by The Seige

LEXANI.COM",,95fLBLRCnrg
"LZ-770 - Brushed Finish",,https://www.youtube.com/embed/QCHpKtS7BhE,,https://lexani.com//img/vehicles/ae98f07501940285c91a2406b2dc820b.jpg?w=450&h=275&fit=crop&s=7ddb43583be5eb2bf4e80f6dac845e67,,,,QCHpKtS7BhE
"Gravity - Custom Finish",,https://www.youtube.com/embed/xvkRyh3-LoA,,https://lexani.com//img/vehicles/e30b6f007fb756ac62fd3f3138c339af.jpg?w=450&h=275&fit=crop&s=824c0d1e9e2f945039b9dcc4d5318e4b,,,,xvkRyh3-LoA
"Ghost - MB Finish",,https://www.youtube.com/embed/ZQs1pRv-Yuk,,https://lexani.com//img/vehicles/60ef61e2eae6192fdbb21d2d052eca61.jpg?w=450&h=275&fit=crop&s=94b55de505bebbb618b6bf5d0e159e47,,,,ZQs1pRv-Yuk
"Maserati GranTurismo MC on LZ-753",,https://www.youtube.com/embed/Wb8l_Q-R-PQ,,https://lexani.com//img/vehicles/6723dc37b694b473aa253ea78314428b.jpg?w=450&h=275&fit=crop&s=9ce00d62c08e4eb2b5939473c1b9d436,,"Click subscribe for new videos weekly!

Maserati Gran Turismo MC - 100 Year Anniversary Edition
LZ-753 Custom Finish - Lexani Wheels

Follow us on Instagram @lexani

INSTAGRAM:
http://alturl.com/5riws

FACEBOOK:
http://tinyurl.com/hpyx9h8

TWITTER:
http://tinyurl.com/hdeceat

LEXANI.COM 

Video by Ekko Media
Contact: ahodges@ekkomedia

Song: ""Slow Motion"" by Monophonic 
https://audiojungle.net/item/slow-motion/7422947",,Wb8l_Q-R-PQ
"Ghost - Chrome Finish",,https://www.youtube.com/embed/5laMhhKQo4Q,,https://lexani.com//img/vehicles/6c6bdd249275abd14100096cc88b8ae0.jpg?w=450&h=275&fit=crop&s=b0f1cffbdd2d53873e4c4037db492596,,,,5laMhhKQo4Q
"Tokyo Auto Salon 2017: ""Beasts In The East"" Lexani Tour Pt. 2",,https://www.youtube.com/embed/7l7EpBDCl2E,,https://lexani.com//img/vehicles/e12d23a01d5476ef407f989a8d2671c7.jpg?w=450&h=275&fit=crop&s=55b6520e5a2143655aceebd160ef92c6,,"From Tokyo, to Shizuoka,  to Chiba, and beyond. ""Beasts in the East"" is a multipart series from Lexani Cinema.

Click subscribe for more videos!

Special thanks to our family of owner's in Japan for always making our trips so memorable. 

Follow us on Instagram: 
@lexani
http://alturl.com/5riws

FACEBOOK:
http://tinyurl.com/hpyx9h8

TWITTER:
http://tinyurl.com/hdeceat

""bad habits"" instrumental - performed by The Seige

""stranger world"" instrumental - performed by Peter McIsaac Music

LEXANI.COM",,7l7EpBDCl2E
"Cyclone - Custom Gold Finish",,https://www.youtube.com/embed/Fb_ld_0a84Q,,https://lexani.com//img/vehicles/c611123869fddf3d34c010335566df3c.jpg?w=450&h=275&fit=crop&s=25b1ded6b6270ae9996e41df38c3aee9,,,,Fb_ld_0a84Q
"Cyclone - BG Finish",,https://www.youtube.com/embed/7s4UhuGQVj0,,https://lexani.com//img/vehicles/166c6caec91376d4802a7e1ce4a8de4e.jpg?w=450&h=275&fit=crop&s=6958115cbccead5af174b03796fd7d93,,,,7s4UhuGQVj0
"Mercedes S550 4MATIC Coupe on 22"" LZ-117",,https://www.youtube.com/embed/Sf3YtgSaTyE,,https://lexani.com//img/vehicles/9027f0419f68062ecce01a9af3df13cf.jpg?w=450&h=275&fit=crop&s=92741a952ff64871de902bb2bd9c949a,,"Click subscribe for new videos weekly!

Follow us on Instagram @lexani

INSTAGRAM:
http://alturl.com/5riws

FACEBOOK:
http://tinyurl.com/hpyx9h8

TWITTER:
http://tinyurl.com/hdeceat

LEXANI.COM 

Video by Ekko Media
Contact: ahodges@ekkomedia

2016 Mercedes Benz S550 4matic Coupe
22"" LZ-117 Chrome and Black Finish

Follow us on Instagram @lexaniofficial
instagram.com/lexaniofficial

Like us on Facebook
https://www.facebook.com/lexaniwheelcorporation

Music ""Fear"" by Persimon
http://audiojungle.net/item/fear/9465363",,Sf3YtgSaTyE
"CSS-15 Heavy Duty Covered Cap - Chrome Finish",,https://www.youtube.com/embed/kowKx9VC1Zc,,https://lexani.com//img/vehicles/7fee4b23512fb3953c13d7d1e79f0315.jpg?w=450&h=275&fit=crop&s=239da1348be5f9f86fa95d54b9a67e61,,,,kowKx9VC1Zc
"Gilles Marini Surprises Son for 16th B-Day",,https://www.youtube.com/embed/6GGAcEEHdz8,,https://lexani.com//img/vehicles/ffd5a4db3f219ded77b7f2c4951b8019.jpg?w=450&h=275&fit=crop&s=108c3d7ee7586a6e48ca5142f930685a,,"Click subscribe for new videos weekly!

Happy birthday Georges Marini! 

Thanks to Gilles Marini, Magnaflow exhaust, KN Filters, and Exotics Racing for making this collaboration a success.

LEXANI.COM

Modified Dodge Challenger
Special thanks to K&N Filters, Magnaflow, Gilles Marini, and Exotics Racing Las Vegas.

R-Twelve Black and Red Tip Wheels  
Lexani Concave Super Sport Series

Follow us on Instagram @lexani
instagram.com/lexani

Like us on Facebook
https://www.facebook.com/lexaniwheelcorporation",,6GGAcEEHdz8
"CSS-15 - Custom Finish",,https://www.youtube.com/embed/KlFl1a1JXEI,,https://lexani.com//img/vehicles/6c72096975cdf26cbb3db1811276e234.jpg?w=450&h=275&fit=crop&s=88e6eafe63c4700d7e4d37782206e594,,,,KlFl1a1JXEI
"CSS-15 BG Finish",,https://www.youtube.com/embed/Vuv8EytOiiY,,https://lexani.com//img/vehicles/dc4006d35d30643c8717d50c25cfda5e.jpg?w=450&h=275&fit=crop&s=3239ccdd2ca88984181f81cf7b87219e,,,,Vuv8EytOiiY
"Custom Lamborghini Aventador x Ferrari 488 x Ferrari 430",,https://www.youtube.com/embed/wmYkh6gYzho,,https://lexani.com//img/vehicles/b71ed5fa52cf9dc70a1b48e293b7be74.jpg?w=450&h=275&fit=crop&s=5823c192de5fb172799093fe88ccb200,,"Shot out to ARK Japan and Special thanks to our family of owner's in Japan for always making our trips so memorable. 

Click subscribe for more videos!

Ferrari 488 on M-759 Full Copper
Ferrari 430 on LZ-118 Full Black
Lambo Aventador on M-759 Custom Finish

Follow us on Instagram: 
@lexani

http://alturl.com/5riws

FACEBOOK:
http://tinyurl.com/hpyx9h8

TWITTER:
http://tinyurl.com/hdeceat

LEXANI.COM",,wmYkh6gYzho
"Eric Bellinger - Photoshoot Behind The Scenes with Lexani",,https://www.youtube.com/embed/ErZAYS3PIXE,,https://lexani.com//img/vehicles/9b093363997eb05ab1a93b24f3d7fee3.jpg?w=450&h=275&fit=crop&s=18a3548ebfea00eb3d197acc48543882,,,,ErZAYS3PIXE
"Bremen - MBT Finish",,https://www.youtube.com/embed/EYt3uuwKGzQ,,https://lexani.com//img/vehicles/eb34a03ac3a0a0dd5281110487d22783.jpg?w=450&h=275&fit=crop&s=3c8185e3a011e96e455b10710af55fa3,,,,EYt3uuwKGzQ
"Best of Atlanta's V-103 Car and Bike Show 2015",,https://www.youtube.com/embed/xv5tzDoh1Es,,https://lexani.com//img/vehicles/38bf10ce9589f120a5a1ab076352c622.jpg?w=450&h=275&fit=crop&s=bfb94c264b87795e39b75fb19d1a839c,,"LEXANI.COM

Special thanks to our friends at Butler Tire for another year of incredible builds, good music, and pure madness.

http://www.ButlerTire.com/

LEXANI.COM

Music provided by Audiojungle.com

Follow us on Instagram @lexani
instagram.com/lexani

Like us on Facebook
https://www.facebook.com/lexaniwheelcorporation",,xv5tzDoh1Es
"Bentley Mulsanne on Custom 24"" LZ-722",,https://www.youtube.com/embed/l9Y0ZwpaiWo,,https://lexani.com//img/vehicles/4268dadff18f469426947ac4047cb24e.jpg?w=450&h=275&fit=crop&s=280c505e0167f6976852ee7c5a76be12,,"-LF by Lexani Bentley Mulsanne-

Bentley Mulsanne // 24"" LF-722 custom finish

CLICK FOR MORE VIDEOS:
http://www.youtube.com/subscription_c...

FOLLOW US ON INSTAGRAM:
INSTAGRAM.COM/LEXANI

FOLLOW US ON TWITTER:
TWITTER.COM/LEXANIWHEELS

LIKE US ON FACEBOOK:
FACEBOOK.COM/LEXANIWHEELCORPORATION",,l9Y0ZwpaiWo
"Bentley Continental GTC on Custom 22"" LF Wheels",,https://www.youtube.com/embed/kazt4YTiS28,,https://lexani.com//img/vehicles/11eecdee7cfb1c8b8e373bb5a067182e.jpg?w=450&h=275&fit=crop&s=b2ed34df9032a58c1e9ddf43d31ee191,,"Subscribe for more videos.

MUSIC: Lana Del Rey ""Summertime Sadness"" Classical Remix by ASTON 

-LF by Lexani Bentley Continental GTC-

Bentley Continental GTC // 22"" LF-710 custom finish

CLICK FOR MORE VIDEOS:
http://www.youtube.com/subscription_c...

FOLLOW US ON INSTAGRAM:
INSTAGRAM.COM/LEXANI

FOLLOW US ON TWITTER:
TWITTER.COM/LEXANIWHEELS

LIKE US ON FACEBOOK:
FACEBOOK.COM/LEXANIWHEELCORPORATION",,kazt4YTiS28
"1st Annual 2015 Slingshot Takeover Track Day at Atlanta Motor Speedway",,https://www.youtube.com/embed/8xKFUtJplBc,,https://lexani.com//img/vehicles/12aa1891d6ee790472e13b7a52fbb576.jpg?w=450&h=275&fit=crop&s=c17e7c80742841bf5c32f9c72b488478,,"Watch in 1080p HD and click subscribe for new videos weekly!

Special thanks to our friends at Butler Tire for spear heading this incredible event. Much love Big Tigger epic burnout. 
@bigtiggershow @butlertire

http://www.ButlerTire.com/

LEXANI.COM

Music ""Blase"" - Ty Dolla $ign 

Follow us on Instagram @lexani
instagram.com/lexani

Like us on Facebook
https://www.facebook.com/lexaniwheelcorporation",,8xKFUtJplBc
"Aston Martin DB9 on 20"" LZ-102",,https://www.youtube.com/embed/cTNYT1Vvs00,,https://lexani.com//img/vehicles/63b6b8ea53a87ab339d8fe8c988eb7b3.jpg?w=450&h=275&fit=crop&s=1ff3c730beac06445f78e988f90e88da,,"Click subscribe for new videos weekly!

MUSIC: Justice ""Planisphere"" beat reproduction by @iamdjenigma

-LF by Lexani Aston Martin DB9-

Aston Martin DB9 // 20"" LZ-702 Black with Chrome Tips.

CLICK FOR MORE VIDEOS:
http://www.youtube.com/subscription_c...

FOLLOW US ON INSTAGRAM:
INSTAGRAM.COM/LEXANI

FOLLOW US ON TWITTER:
TWITTER.COM/LEXANIWHEELS

LIKE US ON FACEBOOK:
FACEBOOK.COM/LEXANIWHEELCORPORATION",,cTNYT1Vvs00
"Extreme Autofest 2015 Highlights",,https://www.youtube.com/embed/drKDAFkO1SU,,https://lexani.com//img/vehicles/65b8f259b792d5a255e77a90335f9bfb.jpg?w=450&h=275&fit=crop&s=d8a273c3c4e8214c109aa8dbe50a8741,,"Watch in 1080p HD and click subscribe for new videos weekly!

Special thanks to our friends at Extreme Autofest for another year of incredible builds, burn outs, good music, and pure madness.

http://www.extremeautofest.com/

LEXANI.COM

Music provided by Audiojungle.com

Follow us on Instagram @lexaniofficial
instagram.com/lexaniofficial

Like us on Facebook
https://www.facebook.com/lexaniwheelcorporation",,drKDAFkO1SU
"Ferrari 458 Spider on LZ-101",,https://www.youtube.com/embed/7Ky99LGObdU,,https://lexani.com//img/vehicles/b5f25a10bee7d1740e08f61b519e565b.jpg?w=450&h=275&fit=crop&s=9bdd89a6f3a907eb618f137654880410,,"SUBSCRIBE FOR MORE VIDEOS:
http://www.youtube.com/subscription_c...

Music produced by Xtreme Melodiks song ""Visions Of Luxury""

-LF by Lexani Ferrari 458 Spider-

Ferrari 458 Spider // LZ-101 All Black Finish.

FOLLOW US ON INSTAGRAM:
INSTAGRAM.COM/LEXANI

FOLLOW US ON TWITTER:
TWITTER.COM/LEXANIWHEELS

LIKE US ON FACEBOOK:
FACEBOOK.COM/LEXANIWHEELCORPORATION",,7Ky99LGObdU
"1972 Classic Buick Riviera on LF-712",,https://www.youtube.com/embed/KfJhxdml06c,,https://lexani.com//img/vehicles/ebbf50615ed6b6c3845b018ae36f8bbf.jpg?w=450&h=275&fit=crop&s=2d4afddbf06ce077ba0b35d46430eb07,,"Click subscribe for new videos weekly!

LEXANI.COM

-Special thank you to TYTO and PinDidIt.com-
 http://premieremotorsportsgroup.com/tyto-cinematic-camera-stabilizer/

MUSIC: ASAP ROCKY ""LVL"" instrumental reproduction by @IamDJEnigma (twitter)

-LF by Lexani 1972 Buick Riviera-

1972 Buick Riviera // 22"" LF-712 custom finish

CLICK FOR MORE VIDEOS:
http://www.youtube.com/subscription_c...

FOLLOW US ON INSTAGRAM:
INSTAGRAM.COM/LEXANI

FOLLOW US ON TWITTER:
TWITTER.COM/LEXANIWHEELS

LIKE US ON FACEBOOK:
FACEBOOK.COM/LEXANIWHEELCORPORATION",,KfJhxdml06c
"Mercedes S65 AMG | The Perfect Pair",,https://www.youtube.com/embed/5QptwB6OKSo,,https://lexani.com//img/vehicles/b1a6afb4819960f005dffb7024c25689.jpg?w=450&h=275&fit=crop&s=5cce3ba24837cf6cc4cc42745beeb3e8,,"Click subscribe for new videos weekly!

- Kenny G aka ""The Perfect Pair"" // In Dedication of his Brother

- ""The Royal G"" -
Mercedes S65 AMG // 22"" LF-712 

Car Detailed by @KillerWaxx 
Check them out on instagram and Facebook 
https://www.facebook.com/pages/KillerWaxx-Company/151487078300593

MUSIC: ""Lucid"" beat recreation by DJ Enigma

CLICK FOR MORE VIDEOS:
http://www.youtube.com/subscription_c...

FOLLOW US ON INSTAGRAM:
INSTAGRAM.COM/LEXANI

FOLLOW US ON TWITTER:
TWITTER.COM/LEXANIWHEELS

LIKE US ON FACEBOOK:
FACEBOOK.COM/LEXANIWHEELCORPORATION",,5QptwB6OKSo
"Cadillac Escalade on Lust",,https://www.youtube.com/embed/02eYHf1287M,,https://lexani.com//img/vehicles/169b69a9df45a4cc88bdc0dc7013189c.jpg?w=450&h=275&fit=crop&s=cd59d00297f2caac48b9712ec14a87c1,,"Click subscribe for new videos weekly!

Next generation Cadillac Escalade

Lust wheels

Music Kasbo ""Echoes""

-2015 Cadillac Escalade by Lexani-

CLICK FOR MORE VIDEOS:
http://www.youtube.com/subscription_c...

FOLLOW US ON INSTAGRAM:
INSTAGRAM.COM/LEXANI

FOLLOW US ON TWITTER:
TWITTER.COM/LEXANIWHEELS

LIKE US ON FACEBOOK:
FACEBOOK.COM/LEXANIWHEELCORPORATION",,02eYHf1287M
"Prior Design Widebody Audi R8 on M-119",,https://www.youtube.com/embed/0Twrh4V7t1I,,https://lexani.com//img/vehicles/b76f2218d7f6b58c715517c01a25a51f.jpg?w=450&h=275&fit=crop&s=e1ab0f779f41e7093fe90d7aad01a720,,"Click subscribe for new videos weekly!

LEXANI.COM 

Video by Ekko Media
Contact: ahodges@ekkomedia

PRIOR DESIGN AUDI R8
PD GT850 Widebody Kit custom bumpers, side skirts, hood, and diffuser 
(thanks to our special contributor tuningblog.eu)
Custom Links Wrap
20"" M-119 Monoblock Series by Lexani Forged
Link's Automotive Equipment & Custom

Follow us on Instagram @lexani
instagram.com/lexani

Like us on Facebook
https://www.facebook.com/lexaniwheelc...

Music ""Melodic Dubstep"" by Audio Fortress via AudioJungle.com",,0Twrh4V7t1I
"Machine Gun Kelly at Lexani Hard Rock Hotel Party",,https://www.youtube.com/embed/VdkQZ4OAVsM,,https://lexani.com//img/vehicles/aac7270f4fea5d28bff86bcb0c4d74ba.jpg?w=450&h=275&fit=crop&s=564c294a2a125774e82124460f5f7592,,"-CLUB VANITY AT THE HARD ROCK HOTEL IN LAS VEGAS-

LEXANI.COM",,VdkQZ4OAVsM
"Boss - LF Classic Series - Satin Black w/ Chrome Outer",,https://www.youtube.com/embed/4-s1O83zdVc,,https://lexani.com//img/vehicles/75509c68deac2d7b6d07194529f55619.jpg?w=450&h=275&fit=crop&s=72127516d801e21628c8c76a0eeb321f,,,,4-s1O83zdVc
"Lambo Murcielago Roadster LP-640 on LF-102",,https://www.youtube.com/embed/QLlTmQZWa6Y,,https://lexani.com//img/vehicles/ebc4029c5a4c19ea6cdbfd7bd9975436.jpg?w=450&h=275&fit=crop&s=f86f40f113ac2990b234be73ceeed876,,"-Lexani Forged LF-102 Wheels on the Lamborghini Murcielago Roadster LP-640-

Lamborghini Murcielago Roadster LP-640 // 20"" LF-102 Color Match Finish

MUSIC:  Cartridge 1987 ""Chase""

CLICK FOR MORE VIDEOS:
http://www.youtube.com/subscription_c...

FOLLOW US ON INSTAGRAM:
INSTAGRAM.COM/LEXANI

FOLLOW US ON TWITTER:
TWITTER.COM/LEXANIWHEELS

LIKE US ON FACEBOOK:
FACEBOOK.COM/LEXANIWHEELCORPORATION",,QLlTmQZWa6Y
"Nissan GTR w/ Suicide Doors and Digital Air Suspension",,https://www.youtube.com/embed/G7ohPkW5_BY,,https://lexani.com//img/vehicles/e2a6beaf59b6927d5d9fe42335bb2ed2.jpg?w=450&h=275&fit=crop&s=49d0e8e8f837554965e380259a50d8c6,,"Click subscribe for new videos weekly!

Godzilla takes over Yokohama Bay on the Lexani Japan Tour.
Check in weekly for our tour video updates. 

LEXANI.COM

Owner Instagram @revolver112 
http://instagram.com/revolver112

Nissan GT-R on AirREX Digital Air Suspension
20"" LZ-105 Brushed Finish 

Follow us on Instagram @lexani
instagram.com/lexani

Like us on Facebook
https://www.facebook.com/lexaniwheelcorporation

Music provided by AudioJungle.com",,G7ohPkW5_BY
"Mustang GT vs. Dodge Challenger SRT 392 Hemi",,https://www.youtube.com/embed/5KSXEvtcK6E,,https://lexani.com//img/vehicles/0d878b14b0412c93523b967fffa34863.jpg?w=450&h=275&fit=crop&s=1a507a0cacf214e5fea375024709c00a,,"Click subscribe for new videos weekly!

LEXANI.COM 

From Tokyo, to Yokohoma, to Chiba- 
A big thank you to the owners at Garage Daiban and LuxZ.

Special thanks to:

Lexani Japan
Azzure Motoring
Hirotsugu Miyoshi
P.G Motoring
213 Motoring
Elegante Design
KT Customs
Exclusive Japan
AirRex Digital Air Suspension
Universal Air Suspension
The City Of Yokohama (Film Permit Dept.)
The Red Brick Warehouse
Sony, Japan (For all rentals & rigs)
Ekko Media House
Yuya Tegoshi
Boom Craft
CARGUY Japan
029 Motoring
LUXZ
And all the car owners for taking part.

Follow us on Instagram @lexani
instagram.com/lexani

Like us on Facebook
https://www.facebook.com/lexaniwheelcorporation

Music provided by AudioJungle.com",,5KSXEvtcK6E
"Chrome Lamborghini LP640 on Lexani Wheels",,https://www.youtube.com/embed/rO4uKjVyJls,,https://lexani.com//img/vehicles/c8e12a9ecf9bf284454a7af1c7333b78.jpg?w=450&h=275&fit=crop&s=7fe7301f791f90688aca6c590dfb8c99,,"Click subscribe for new videos weekly!

Chrome Lamborghini Murcielago takes over the streets of Yokohama Bay on the 2015 Lexani Japan Tour.

LEXANI.COM

Follow us on Instagram @lexani
instagram.com/lexani

Like us on Facebook
https://www.facebook.com/lexaniwheelcorporation

Music provided by AudioJungle.com",,rO4uKjVyJls
"Ferrari California on LZ-101",,https://www.youtube.com/embed/VKCz-IMX4MM,,https://lexani.com//img/vehicles/13f0563ebcaa44509f2856580f09bc9b.jpg?w=450&h=275&fit=crop&s=223f493502259ab09b33733b1098f395,,"Click subscribe for new videos weekly!

LEXANI.COM

Ferrari California 
By CNC MOTORS - CNCEXOTICS.COM
LZ-101 Gloss Black and Machine Wheels  
Concave Forging Profile

Follow us on Instagram @lexani
instagram.com/lexani

Like us on Facebook
https://www.facebook.com/lexaniwheelcorporation",,VKCz-IMX4MM
"K-Camp Music Video behind the scenes",,https://www.youtube.com/embed/j9M3NnL523A,,https://lexani.com//img/vehicles/650452b4f5a2cb5d10dce20e667ccb2a.jpg?w=450&h=275&fit=crop&s=7495cd2e7acdd705bb2e0c4540edbf6c,,"Click subscribe for new videos weekly!

K-Camp Music Video // Behind the Scenes with Lexani

Thanks to Interscope Records, K-Camp, YG, and Too Short.

2015 Cadillac Escalade - 28"" Lust Chrome Finish Wheels

Music: Dream Addix ""Stack Em"" 

CLICK FOR MORE VIDEOS:
http://www.youtube.com/subscription_c...

FOLLOW US ON INSTAGRAM:
INSTAGRAM.COM/LEXANI

FOLLOW US ON TWITTER:
TWITTER.COM/LEXANIWHEELS

LIKE US ON FACEBOOK:
FACEBOOK.COM/LEXANIWHEELCORPORATION",,j9M3NnL523A
"Tmills Visits Lexani",,https://www.youtube.com/embed/9bgUj0_DqTg,,https://lexani.com//img/vehicles/aa8efa1d904ddcdbbdd6f2d0300897ca.jpg?w=450&h=275&fit=crop&s=ffe4a898668fa1599f154785d68ccff7,,"Song: LOUD by T. Mills 
www.tmillsmusic.com

CLICK FOR MORE VIDEOS:
http://www.youtube.com/subscription_c...

FOLLOW US ON INSTAGRAM:
INSTAGRAM.COM/LEXANI

FOLLOW US ON TWITTER:
TWITTER.COM/LEXANIWHEELS

LIKE US ON FACEBOOK:
FACEBOOK.COM/LEXANIWHEELCORPORATION",,9bgUj0_DqTg
"Tokyo Auto Salon 2016 Owner's Meet",,https://www.youtube.com/embed/QIPtZSRtsJE,,https://lexani.com//img/vehicles/db158ea85bad5c1daa2fb773b438e3aa.jpg?w=450&h=275&fit=crop&s=cab18f58b5947a2b2338a2c6049c2b29,,"Click subscribe for new videos weekly, and follow us:

INSTAGRAM:
http://alturl.com/5riws

FACEBOOK:
http://tinyurl.com/hpyx9h8

TWITTER:
http://tinyurl.com/hdeceat

LEXANI.COM

Special thanks to everyone who came out, and our Tokyo Auto Salon 2016 booth team:
Grace Cab
Starring Motors
ARK
Lexani Japan
Hirotsugu Miyoshi
P.G Motoring
Calwing213 Motoring
Elegante Design
KT Customs
AirRex Digital Air Suspension
Universal Air Suspension
The City Of Yokohama (Film Permit Dept.)
The Red Brick Warehouse
Sony, Japan (For all rentals & rigs)
Ekko Media House
029 Motoring
LUXZ
And all the car owners for taking part.

Like us on Facebook
https://www.facebook.com/lexaniwheelc...

Music provided by AudioJungle.com",,QIPtZSRtsJE
"Bentley GT Satin White Wrap on 24K Gold Wheels",,https://www.youtube.com/embed/8iIq2ZpQ4zI,,https://lexani.com//img/vehicles/eda2cd5b4e3a852c8db9695141793d9b.jpg?w=450&h=275&fit=crop&s=1b8b47bd3039081c153ef5f7385cc697,,"Click subscribe for new videos weekly!

LEXANI.COM

Video by Ekko Media
Contact: ahodges@ekkomedia

Bentley GT
22"" LF-744 Twister 24k Gold Finish  

Follow us on Instagram @lexani
instagram.com/lexani

Like us on Facebook
https://www.facebook.com/lexaniwheelcorporation

Music: 
NICK MIRA 
""Buggin""
https://www.youtube.com/watch?v=Vup4PTAb4qw",,8iIq2ZpQ4zI
"CSS-15 Heavy Duty Covered Cap - MBT Finish",,https://www.youtube.com/embed/Vc0nfW5utPE,,https://lexani.com//img/vehicles/1031fb602732514d6bd645cc880fe929.jpg?w=450&h=275&fit=crop&s=28447705aad24ee880ae650f97f74df1,,,,Vc0nfW5utPE
"Cadillac Escalade on Wraith w/ Next Nation body kit",,https://www.youtube.com/embed/bAfy4LMEpw,,https://lexani.com//img/vehicles/1b902a30f50c87062b3d452eb16ccfb3.jpg?w=450&h=275&fit=crop&s=6ced1d966f8bdcd00fa017ad5923aa18,,"Video is not available!",,bAfy4LMEpw
"Fieldy of Korn talks Bass, Going Number One, and Lexani",,https://www.youtube.com/embed/DKDm2QQ6BmI,,https://lexani.com//img/vehicles/38dbc029d72484cfe047e690d0505484.jpg?w=450&h=275&fit=crop&s=eb73cdedb6db88e6cc660e8e05c721e0,,"Fieldy of Korn talks about his favorite bass, side projects, and Korn's newest album ""The Paradigm Shift""... 

...More in the next issue of LEXANI MAGAZINE

MUSIC:  Korn - ""Never, Never"" reproduction by DJ Enigma

INSTAGRAM:  @fieldykorn @ekkomedia",,DKDm2QQ6BmI
"Kylie Jenner's Ferrari 488 GTB",,https://www.youtube.com/embed/E9gc90C2ASY,,https://lexani.com//img/vehicles/b5e22b1133fb08fc7f702f676ed33231.jpg?w=450&h=275&fit=crop&s=bbb2deb1d2d5c31894d68080d061465f,,"IG:
https://www.instagram.com/lexani/

Special thank you to our friends at the world famous West Coast Customs!

Gloss White Ferrari 488 GTB on
LZ-105 F 21x9 R 22x11.5 Custom Finish

WHEELS: http://lexani.com/wheel/LZ-105

MUSIC: https://audiojungle.net/item/future-bass/19661619

FOR MORE VIDEOS:
http://www.youtube.com/subscription_c...

TWITTER:
TWITTER.COM/LEXANIWHEELS

FACEBOOK:
FACEBOOK.COM/LEXANIWHEELCORPORATION",,E9gc90C2ASY
"LZ-761 on Mercedes Maybach by Lexani",,https://www.youtube.com/embed/KhFAYfcYsMc,,https://lexani.com//img/vehicles/77a5824f7b7deb8f33bd76fe93bf7a81.jpg?w=450&h=275&fit=crop&s=6196cb3892f267e2be7b6ebab123e8fa,,,,KhFAYfcYsMc
"Dub Show Tour Los Angeles 2018",,https://www.youtube.com/embed/2VAGlXgEEu4,,https://lexani.com//img/vehicles/67d12fd0f091359b85d6750ddd637a44.jpg?w=450&h=275&fit=crop&s=c25e50a05db43703f739cdde6ef86f5b,,"Click subscribe for new videos!

Follow us on Instagram @lexani

INSTAGRAM:
http://alturl.com/hbh93

FACEBOOK:
http://tinyurl.com/hpyx9h8

TWITTER:
http://tinyurl.com/hdeceat

LEXANI.COM 

Video by Ekko Media
Contact: ahodges@ekkomedia

Special thanks: Dub Magazine, Dub Show, Monster Energy, Rolling Big Power, Ekko Media, Swift Car Club, Nokturnal Car Club, Xplizit Car Club

LEXANI.COM

Follow us on Instagram @lexani
instagram.com/lexani

Like us on Facebook
https://www.facebook.com/lexaniwheelcorporation",,2VAGlXgEEu4
"Lexus GS350 on Twister",,https://www.youtube.com/embed/QRyqBQKRTSM,,https://lexani.com//img/vehicles/11a621bf72b8e0272eca089043a5448c.jpg?w=450&h=275&fit=crop&s=2681a5d696096a4b222329d2021ad053,,"Click subscribe for new videos weekly!

Special thank you to owner Anthony Gorges, & Newspace Media!

SITE:
https://www.newspacemedia.net/

IG

LEXANI
https://www.instagram.com/lexani/

ANTHONY
https://www.instagram.com/anthony_gorges/

NEWSPACE
https://www.instagram.com/newspacemedia/

Lexus GS 350
Lexani Twister - MBT Finish 20""

WHEELS: https://www.lexani.com/wheel/Cyclone

FOR MORE VIDEOS:
http://www.youtube.com/subscription_c...

TWITTER:
TWITTER.COM/LEXANIWHEELS

FACEBOOK:
FACEBOOK.COM/LEXANIWHEELCORPORATION

SONG:
Life In Grey - Point Point",,QRyqBQKRTSM
"Zagato - BG Finish",,https://www.youtube.com/embed/1O7guiN4TFw,,https://lexani.com//img/vehicles/503ed4303180be447ea8c562913da70f.jpg?w=450&h=275&fit=crop&s=448149620d62ceb3e22996090f9acfe1,,,,1O7guiN4TFw
"Twister - FB Finish",,https://www.youtube.com/embed/JMhq7gaKzkQ,,https://lexani.com//img/vehicles/c5a86a8a59a36ef1d5762a3b6e66ff12.jpg?w=450&h=275&fit=crop&s=99b78ef02bfb027a7606f186859707dd,,,,JMhq7gaKzkQ
"Official ""Black Panther"" LC-500 Marvel and Lexus Collab",,https://www.youtube.com/embed/SvzFu4RhHLs,,https://lexani.com//img/vehicles/6ff7db75fbf7fd5c9b1e8e65c1869f3d.jpg?w=450&h=275&fit=crop&s=f40592f90fcb92a96bb239b151c33f53,,"Special thank you to Marvel, Lexus, West Coast Customs, and everyone who helped make this come to life!

Follow us on IG: http://alturl.com/hbh93

Lexus LC-500 by West Coast Customs!
24"" LC-108 Custom Finish Wheels

WHEELS: https://lexani.com/wheel/lz-108 (LC Series unlisted on site!)

FOR MORE VIDEOS:
http://www.youtube.com/subscription_c...

TWITTER:
TWITTER.COM/LEXANIWHEELS

FACEBOOK:
FACEBOOK.COM/LEXANIWHEELCORPORATION",,SvzFu4RhHLs
"Tokyo Auto Salon 2018: Lexani Wheels Japan Tour",,https://www.youtube.com/embed/PBkbm1iTZ8E,,https://lexani.com//img/vehicles/2034fae64d10a9fb82e4b46145c10c4c.jpg?w=450&h=275&fit=crop&s=2e8b231b56ef123ba80009dae07746d7,,"WATCH IN 4K!

From Tokyo, to Yokohama,  to Chiba, and beyond. 

You may be thinking, ""Hey LEXANI... What gives? This event happened in January.""

Rather than post some half-hearted coverage shot on an i-phone X we wanted to take you to the show and beyond in this edit. We want you to see the owner's meet, where we gathered over 2 dozen vehicles, from all over the country. We came home with 500 gb of footage this year, and we wanted to bring you guys the best possible cut of it. 

We hope you enjoy it.

THANK YOU TO ALL OF OUR OWNERS AND SHOPS!
みんなありがとう!!

Click subscribe for more videos!

Follow us on Instagram: 
@lexani
https://www.instagram.com/lexani/

FACEBOOK:
http://tinyurl.com/hpyx9h8

TWITTER:
http://tinyurl.com/hdeceat



LEXANI.COM",,PBkbm1iTZ8E
"Classic Custom Buick Riviera on 22"" LF-712",,https://www.youtube.com/embed/WlgrSXFnI78,,https://lexani.com//img/vehicles/f5bb4187432b24343f9ec046a940286a.jpg?w=450&h=275&fit=crop&s=f3a92fef7435edefb3cc07d59f0129ff,,"Click subscribe for new videos weekly!

LEXANI.COM

-Special thank you to GRACE CAB-
https://www.facebook.com/GraceCab-152296621582778/

MUSIC: Ambient Hip-Hop Glitch
https://audiojungle.net/item/ambient-hiphop-glitch/21285863

Buick Riviera // 22"" LF-712 custom finish

CLICK FOR MORE VIDEOS:
http://www.youtube.com/subscription_c...

FOLLOW US ON INSTAGRAM:
INSTAGRAM.COM/LEXANI

FOLLOW US ON TWITTER:
TWITTER.COM/LEXANIWHEELS

LIKE US ON FACEBOOK:
FACEBOOK.COM/LEXANIWHEELCORPORATION",,WlgrSXFnI78
"Swift-6 - MB Finish",,https://www.youtube.com/embed/6o45e1FVjZc,,https://lexani.com//img/vehicles/d30ddb6637e2918bac3fa1c5d463d42c.jpg?w=450&h=275&fit=crop&s=8469c98a3aed297f388b08a3b748234e,,,,6o45e1FVjZc
"Mercedes Maybach S600 on LZ-771",,https://www.youtube.com/embed/XwayIiFPUoQ,,https://lexani.com//img/vehicles/94555df429157b8e954bfc0b11aec68b.jpg?w=450&h=275&fit=crop&s=475ceae03a003c3942299e3d5fb49792,,,,XwayIiFPUoQ
"Liberty Walk Ferrari 488 on Stuttgart",,https://www.youtube.com/embed/WpQHUjjs0Gs,,https://lexani.com//img/vehicles/0f97b746222d15fb6de97531955a7e4f.jpg?w=450&h=275&fit=crop&s=665f5054f8a65ca90b1b25fa667ed725,,"WATCH IN 4K!

We hope you enjoy it.

Click subscribe for more videos!

Follow us on Instagram: 
@lexani
https://www.instagram.com/lexani/

FACEBOOK:
http://tinyurl.com/hpyx9h8

TWITTER:
http://tinyurl.com/hdeceat



LEXANI.COM",,WpQHUjjs0Gs
"Swift - MB Finish",,https://www.youtube.com/embed/5dU1SO8AAz4,,https://lexani.com//img/vehicles/7a4bf09aeb0b7fd6abb6375f8c4510a5.jpg?w=450&h=275&fit=crop&s=b1c8d7056d4ecae3ff82ae5f2f0dd3af,,,,5dU1SO8AAz4
"Swift-6 Chrome Finish",,https://www.youtube.com/embed/BrYv-k_MoH4,,https://lexani.com//img/vehicles/fad66a2caa42206ea462c1a236cdf15b.jpg?w=450&h=275&fit=crop&s=a57a6f716db552b1a19fed09ef759419,,,,BrYv-k_MoH4
"Swift - Custom Finish",,https://www.youtube.com/embed/E7I0WMgYKS8,,https://lexani.com//img/vehicles/d842c556c7cbe70591c9c2430a129f46.jpg?w=450&h=275&fit=crop&s=b79f64781a69780e16f14a044c79d048,,,,E7I0WMgYKS8
"Cadillac Escalade on 30"" Lexani Wheels",,https://www.youtube.com/embed/PlkLZsKV-TQ,,https://lexani.com//img/vehicles/05063dec3322491ed5b145f916084f3d.jpg?w=450&h=275&fit=crop&s=794b71f5a0489950342bc332f51489bd,,"Special thank you to Hammer Design and Lexani Japan!

Follow us on IG: https://www.instagram.com/lexani/

Cadillac Escalade  
30"" LF-771 Brush and Chrome Finish and Custom Grille

FOR MORE VIDEOS:
http://www.youtube.com/subscription_c...

TWITTER:
TWITTER.COM/LEXANIWHEELS

FACEBOOK:
FACEBOOK.COM/LEXANIWHEELCORPORATION",,PlkLZsKV-TQ
"Matte Wrap Bentley Continental on LZ-722",,https://www.youtube.com/embed/IvSk3gTsyEk,,https://lexani.com//img/vehicles/333a8dc650657304b6f1ec106cd7a65d.jpg?w=450&h=275&fit=crop&s=e2b41a7c62dd37dc60a299b45b0631f2,,"Click subscribe for new videos weekly!

Watch in 4K HD!

LEXANI.COM

Bentley Continental Earth Body Kit 
22"" LZ-772 Carbon Fiber Finish

Follow us on Instagram @lexani
http://alturl.com/2vn42

Like us on Facebook:
https://www.facebook.com/lexaniwheelcorporation/",,IvSk3gTsyEk
"Stuttgart - SMT Finish",,https://www.youtube.com/embed/gmIte2uN_1Y,,https://lexani.com//img/vehicles/3cbbfb8ddb78247072d3a85535218d6f.jpg?w=450&h=275&fit=crop&s=654a7f37ce9090d8cc0e1afa68f0fd96,,,,gmIte2uN_1Y
"3M Gloss Psychedelic Dodge Charger R/T",,https://www.youtube.com/embed/U0uihayAQSw,,https://lexani.com//img/vehicles/f7cb0e231e8016990ec95a88449872a5.jpg?w=450&h=275&fit=crop&s=d4948be4dc1742e53f78f9885b72197f,,"Subscribe!

2016 Dodge Charger R/T Scat Pack

Vehicle Spec:
  
o Psychedelic Vinyl Wrap from Atlanta Custom Wraps
o Front bumper splitter Chrome & Carbon
o RGBW DRL Boards/ RBG Halos Diode Dynamics
o 22 inch Staggered  Bavaria Lexani
o Rear Bumper Diffuser Chrome &Carbon
  Interior
o Massive Audio TOROX124 Subwoofer
o Massive Audio E2 - 1600w Mono Amplifier
o Kicker CSC35 3.5 inch speakers
o Alpine PSS-31 6.5 inch speakers
o Vehicle specific custom badges Rebadge Design
  Mechanical
o 6.4L V8 8-speed Automatic
o Cold Air Intake Airaid
o Mid Muffler delete
o Custom Strut Brace

Follow Shaq here:
-https://www.instagram.com/swaggpack_shaq/

Cinematography:
-https://www.instagram.com/shotbyfame/ 
-www.shotbyfame.com

LEXANI.COM

Follow us on Instagram @lexani
http://alturl.com/2vn42

Like us on Facebook:
https://www.facebook.com/lexaniwheelcorporation/",,U0uihayAQSw
"Liberty Walk Lamborghini Aventador on LZ-755",,https://www.youtube.com/embed/g2_982S8pEk,,https://lexani.com//img/vehicles/80e8a0958e6d0088abb1141b42324940.jpg?w=450&h=275&fit=crop&s=51ab2827208089b92b32d73601ed4d79,,"Subscribe for new videos weekly!

LEXANI.COM 

Video by Ekko Media
Contact: ahodges@ekkomedia

Custom Lamborghini Aventador
LZ-755 Custom Finish

Follow us on Instagram @lexani
http://instagram.com/lexani

Facebook:
https://www.facebook.com/lexaniwheelcorporation/",,g2_982S8pEk
"Dodge Challenger SRT 6.4L on 22"" LF Wheels",,https://www.youtube.com/embed/xkYGpF8dYFw,,https://lexani.com//img/vehicles/732f53f366f4445bb6dbce05548cbd87.jpg?w=450&h=275&fit=crop&s=bbf51ce89fb2715b10e3bd6727b3770a,,"Subscribe for new videos weekly!

Special thanks to PG Motoring and Yes Racing - Japan

LEXANI.COM 

Video by Ekko Media
Contact: ahodges@ekkomedia

Dodge Challenger SRT 6.4L
LC-102 - Custom Finish
Custom Body Kit by Yes Racing // PG Motoring

Follow us on Instagram @lexani
http://instagram.com/lexani

Facebook:
https://www.facebook.com/lexaniwheelc...",,xkYGpF8dYFw
"Mansory Rolls Royce Ghost on LZ-771",,https://www.youtube.com/embed/xu7jRUyq8yc,,https://lexani.com//img/vehicles/90f4ff68090cc5fef5826fd075ffc726.jpg?w=450&h=275&fit=crop&s=19e4ba12ef9fd67020fc2dd226d4e24d,,"Watch in 4k!

Mansory Rolls Royce Ghost  
24"" LZ-771 Custom Finish & Lexani Tires

INSTAGRAM:
http://alturl.com/2vn42

FACEBOOK:
http://tinyurl.com/hpyx9h8

TWITTER:
http://tinyurl.com/hdeceat

LEXANI.COM 

Video by Ekko Media
Contact: ahodges@ekkomedia",,xu7jRUyq8yc
"Porsche GT3 on M-772 Centerlock",,https://www.youtube.com/embed/MN-FrCvfTwk,,https://lexani.com//img/vehicles/d1e3fb0c3c07160a5f7f60e23f53ed9b.jpg?w=450&h=275&fit=crop&s=2c08c331f7639df30f550ae3d4e8794a,,"Click subscribe for more videos!

Special thanks to West Coast Customs!

LEXANI.COM
Follow us:
http://alturl.com/5riws

Porsche GT3
Monoblock Sport Series by Lexani
20"" Centerlock M-772 / GT3 Program
Custom Wrap by West Coast Customs

FOR MORE VIDEOS:
http://www.youtube.com/subscription_c...

TWITTER:
TWITTER.COM/LEXANIWHEELS

FACEBOOK:
FACEBOOK.COM/LEXANIWHEELCORPORATION",,MN-FrCvfTwk
"Range Rover Velar on Twister",,https://www.youtube.com/embed/ygu7aRkM5i4,,https://lexani.com//img/vehicles/5a5a956293e6f750f38cbc881e0cfa48.jpg?w=450&h=275&fit=crop&s=e4ee887bcdd33f27d7ac577a0274f01d,,"Watch in 4K

Land Rover Range Rover Velar on 24"" Twister Copper Finish Wheels and 275-35-24 LEXANI LX-20 tires

LEXANI.COM

24"" Gravity BG FINISH /  275 -35-24  LEXANI LX -20 tires

Follow us on Instagram @lexani
http://alturl.com/2vn42

Like us on Facebook:
https://www.facebook.com/lexaniwheelcorporation/",,ygu7aRkM5i4
"GMC Yukon Denali on 28"" Lexani Wheels",,https://www.youtube.com/embed/CTkk5keDTxM,,https://lexani.com//img/vehicles/28a808418172daed0bd0a47713cc1729.jpg?w=450&h=275&fit=crop&s=e705b4a2c0b874066b9f3313a1d8c477,,"Click subscribe for more videos!

LEXANI.COM
Follow us:
http://alturl.com/5riws

GMC Yukon Denali 
28"" SWIFT-6 Custom Finish WHEELS and Custom PHANTOM Grille

WHEELS: http://lexani.com/wheel/Cyclone

FOR MORE VIDEOS:
http://www.youtube.com/subscription_c...

TWITTER:
TWITTER.COM/LEXANIWHEELS

FACEBOOK:
FACEBOOK.COM/LEXANIWHEELCORPORATION",,CTkk5keDTxM
"Twister - MB Finish",,https://www.youtube.com/embed/Jn4Ga9J3N8k,,https://lexani.com//img/vehicles/97ff2350f20957654aee1f25024cd5f1.jpg?w=450&h=275&fit=crop&s=d35ee80585128c47a668723a4a898342,,,,Jn4Ga9J3N8k
"BMW i8 on 22"" Wraith",,https://www.youtube.com/embed/FHllzVMZKPg,,https://lexani.com//img/vehicles/3c5b2ebb46219a0f1df0d4b38805b734.jpg?w=450&h=275&fit=crop&s=3fcf92def791db322c4384cb66f8818c,,"Special thank you to our friends at Klasse Auto

IG: http://alturl.com/5riws

Matte blue BMW i8 
Wraith Custom Blue Finish

WHEELS: https://www.lexani.com/wheel/wraith

MUSIC: ""Chex"" [ft. Diaboulik] SilinsBeats
https://soundcloud.com/silinsbeats/chex-ft-diaboulik

FOR MORE VIDEOS:
http://www.youtube.com/subscription_c...

TWITTER:
TWITTER.COM/LEXANIWHEELS

FACEBOOK:
FACEBOOK.COM/LEXANIWHEELCORPORATION",,FHllzVMZKPg
"Stuttgart - Custom Finish",,https://www.youtube.com/embed/n2hn1zN3g0Y,,https://lexani.com//img/vehicles/86003a7a19f4efd0a89d92f7afc186ed.jpg?w=450&h=275&fit=crop&s=7837980daf5ca99f8737e478c476e35d,,,,n2hn1zN3g0Y
"Twin Matte BMW i8 and i3 on Lexani Wheels",,https://www.youtube.com/embed/fQ6Z54uJ4b4,,https://lexani.com//img/vehicles/15eecde223a19e2cfe1c566e7af33d1a.jpg?w=450&h=275&fit=crop&s=fbebc9abfae970d2207b2289c6591343,,"Special thank you to our friends at the world famous West Coast Customs!

IG: https://www.instagram.com/lexani/

Matte blue BMW i8 and i3 on
LZ-761 Chrome Finish

WHEELS: http://www.lexani.com/wheel/lf-761

MUSIC: ""Feel No Ways"" -Silins Beats
https://www.silinsbeats.com/

FOR MORE VIDEOS:
http://www.youtube.com/subscription_c...

TWITTER:
TWITTER.COM/LEXANIWHEELS

FACEBOOK:
FACEBOOK.COM/LEXANIWHEELCORPORATION",,fQ6Z54uJ4b4
"Yukon Denali on 26"" Cyclone",,https://www.youtube.com/embed/xz03vRC2b9s,,https://lexani.com//img/vehicles/288bb77bf8fff7c52827d8b4399190f8.jpg?w=450&h=275&fit=crop&s=25fa427976d28d030eea77bc5bd6bdb8,,"IG: http://alturl.com/5riws

GMC Yukon Denali 
26"" Cyclone Custom Finish and Custom Grille

WHEELS: http://lexani.com/wheel/Cyclone

FOR MORE VIDEOS:
http://www.youtube.com/subscription_c...

TWITTER:
TWITTER.COM/LEXANIWHEELS

FACEBOOK:
FACEBOOK.COM/LEXANIWHEELCORPORATION",,xz03vRC2b9s
"Pegasus - Custom Finish",,https://www.youtube.com/embed/XjNA8J4nask,,https://lexani.com//img/vehicles/3241f68e68f941e0e9c025618ac5873c.jpg?w=450&h=275&fit=crop&s=de35b6aaeb2954fd280af8324276a434,,,,XjNA8J4nask
"Bentley Continental GT Speed Convertible on 24"" Gravity",,https://www.youtube.com/embed/qLK6u9C8eg,,https://lexani.com//img/vehicles/9f34139c2cd2423b09b8981f7053c36f.jpg?w=450&h=275&fit=crop&s=81ea430ef9ab1d8e2745e54f30a768d5,,"Video is not available!",,qLK6u9C8eg
"GMC Yukon Denali on 26"" Matisse MBT",,https://www.youtube.com/embed/7YPBuPP8k9c,,https://lexani.com//img/vehicles/6be88afbcafc19b570a72f77f883d990.jpg?w=450&h=275&fit=crop&s=097e8b9f9adbd0ac090a7149cbb46900,,"Click subscribe for new videos weekly!

GMC Yukon Denali on 26"" Matisse Gloss Black and Machine Accents
http://lexani.com/tags/concave/#!/matisse

Follow us on Instagram: 
@lexani

INSTAGRAM:
http://alturl.com/5riws

FACEBOOK:
http://tinyurl.com/hpyx9h8

TWITTER:
http://tinyurl.com/hdeceat

LEXANI.COM",,7YPBuPP8k9c
"R-Twelve - MBS Finish",,https://www.youtube.com/embed/WOTX0quzcv0,,https://lexani.com//img/vehicles/ba8c08b408de47903cf5ffc823c2d174.jpg?w=450&h=275&fit=crop&s=a984a1b0704e9ae002b9a549cd20ba52,,,,WOTX0quzcv0
"Twister - MBT Finish",,https://www.youtube.com/embed/pXitn7ORYeE,,https://lexani.com//img/vehicles/3350c267d69b5f0d180b7837896a4dd7.jpg?w=450&h=275&fit=crop&s=b89bdcbe38415ca95ebeb5ec8b744e6a,,,,pXitn7ORYeE
"1964 Classic Continental on 22"" Wraith MBT",,https://www.youtube.com/embed/sZgRKetoTEc,,https://lexani.com//img/vehicles/6551eefcab954441cfd3104bb2aa7f71.jpg?w=450&h=275&fit=crop&s=f4acd99c970d5df7390c6f041cdfc72e,,"Click subscribe for new videos weekly!

LEXANI.COM

-Special thank you to AWTmotorsports.com 

MUSIC: https://audiojungle.net/item/energetic-rock/19281620

-1964 Lincoln Continental on 22"" Wraith MBT Finish Wheels

CLICK FOR MORE VIDEOS:
http://www.youtube.com/subscription_c...

FOLLOW US ON INSTAGRAM:
INSTAGRAM.COM/LEXANI

FOLLOW US ON TWITTER:
TWITTER.COM/LEXANIWHEELS

LIKE US ON FACEBOOK:
FACEBOOK.COM/LEXANIWHEELCORPORATION",,sZgRKetoTEc
"Michele Maturo's Lexus IS250 on Lexani Wheels",,https://www.youtube.com/embed/-lVo7qL3Nig,,https://lexani.com//img/vehicles/94989d86494e2870927cf1f8049c610e.jpg?w=450&h=275&fit=crop&s=30d4f4d9ce961067fb803e3b78672f62,,"Click subscribe for new videos weekly!

Watch in 1080p HD!

Follow us on Instagram @lexani

INSTAGRAM:
http://alturl.com/5riws

FACEBOOK:
http://tinyurl.com/hpyx9h8

TWITTER:
http://tinyurl.com/hdeceat

LEXANI.COM 

Video by Ekko Media
Contact: ahodges@ekkomedia

2015 Lexus IS 250 
20"" Gravity BG Finish

Follow us on Instagram @lexaniofficial
instagram.com/lexaniofficial
instagram.com/michelematuro

Like us on Facebook
https://www.facebook.com/lexaniwheelcorporation",,-lVo7qL3Nig
"Stuttgart - MBT Finish",,https://www.youtube.com/embed/nX71cNXbFs4,,https://lexani.com//img/vehicles/a98e79268c885ef747233fddae8812c5.jpg?w=450&h=275&fit=crop&s=d3443c28eb993522715d05db4784831d,,,,nX71cNXbFs4
"Matte Lexus GS-350 on 20"" Cyclone",,https://www.youtube.com/embed/tQgTWMkuo-8,,https://lexani.com//img/vehicles/8f5b1ec6a3a5be18380bab09a9113570.jpg?w=450&h=275&fit=crop&s=36f26ddab411026ffc4df660b962cc51,,"Special thank you to owner Anthony Gorges & Newspace Media for shooting!

SITE:
https://www.newspacemedia.net/

IG:
Anthony
https://www.instagram.com/anthony_gorges/

Newspace
https://www.instagram.com/newspacemedia/

Lexus GS 350
Lexani Cyclone - MBT Finish 20""

IG: https://www.instagram.com/lexani/

WHEELS: https://www.lexani.com/wheel/Cyclone

FOR MORE VIDEOS:
http://www.youtube.com/subscription_c...

TWITTER:
TWITTER.COM/LEXANIWHEELS

FACEBOOK:
FACEBOOK.COM/LEXANIWHEELCORPORATION",,tQgTWMkuo-8
"Mercedes S Coupe on 22"" LZ-761",,https://www.youtube.com/embed/rbshX8FADAg,,https://lexani.com//img/vehicles/7cbb56c07ab3d6056cfba469f3a42cab.jpg?w=450&h=275&fit=crop&s=aeddf36c8840536a9f252ffd9544472f,,"Click subscribe for new videos weekly!

2017 Mercedes Benz S550 Coupe on 22"" Gloss Black and Chrome Finish LZ-761 Wheels

Follow us on Instagram @lexani

INSTAGRAM:
https://www.instagram.com/lexani/

FACEBOOK:
http://tinyurl.com/hpyx9h8

TWITTER:
http://tinyurl.com/hdeceat

LEXANI.COM 

Video by Ekko Media
Contact: ahodges@ekkomedia

2016 Mercedes Benz S550 4matic Coupe
22"" LZ-117 Chrome and Black Finish

Follow us on Instagram @lexaniofficial
instagram.com/lexaniofficial

Like us on Facebook
https://www.facebook.com/lexaniwheelcorporation

Music ""Fear"" by Persimon
http://audiojungle.net/item/fear/9465363",,rbshX8FADAg
"Zagato - Custom Finish",,https://www.youtube.com/embed/TMMZ2DfC2q0,,https://lexani.com//img/vehicles/fe9a7ad0120b8b7452785d7cfeb8a068.jpg?w=450&h=275&fit=crop&s=fccd64d55643cc4b591bb44d71bdbf46,,,,TMMZ2DfC2q0
"Wraith - BG Finish",,https://www.youtube.com/embed/qaSZ1AuUK7Y,,https://lexani.com//img/vehicles/484262bb4f14730d7ef902188ec48009.jpg?w=450&h=275&fit=crop&s=0a79f9dee811a622b2599d9f267a5e3c,,,,qaSZ1AuUK7Y
"Cadillac Escalade on 26"" Cyclone",,https://www.youtube.com/embed/cuD0FQeMk9Q,,https://lexani.com//img/vehicles/109ff12275e2e18636a5f0b4b237bb35.jpg?w=450&h=275&fit=crop&s=2e35102646bd473c3acb9d1f1cf2fbcc,,"Click subscribe for new videos weekly!

Special thanks to our friends at Wheel Specialists:
http://www.wheelspecialists.com/

Cadillac Escalade on 26"" Cyclone Gloss Black and Machine Accents
-http://lexani.com/tags/concave/#!/cyclone

Follow us on Instagram: 
@lexani
@wheelspecialistsinc

INSTAGRAM:
http://alturl.com/5riws

FACEBOOK:
http://tinyurl.com/hpyx9h8

TWITTER:
http://tinyurl.com/hdeceat

LEXANI.COM",,cuD0FQeMk9Q
"Inside Sema Show 2017",,https://www.youtube.com/embed/UNNE_NB1R5g,,https://lexani.com//img/vehicles/57b5c1739f19f2a7a8cb01f69283bba1.jpg?w=450&h=275&fit=crop&s=b1c213d753cf99465b15d04474626aaa,,"Click subscribe for new videos!

Thank you to SEMA, West Coast Customs, SR Motors, Marvel, Lexus, Hennessy, Rolling Big Power, Ekko Media, IKNOWAUTO, Voodoo Rides, Paris Hotel, Pilot Automotive, Rezurxn, and everyone who contributed to our 21st SEMA show!



Cinematography: 
Ekko Media

Editing:
Ekkomedia.com

Follow us on Instagram: 
@lexani
http://alturl.com/5riws

@rollingbigpower
https://www.instagram.com/rollingbigpower/

FACEBOOK:

http://tinyurl.com/hpyx9h8
http://tinyurl.com/jnv2kbt

LEXANI.COM 
RollingBigPower.com",,UNNE_NB1R5g
"Zagato - Chrome and Black Finish",,https://www.youtube.com/embed/OYM3-acAwF8,,https://lexani.com//img/vehicles/1dee40f5ca5b13e76672e01f84a18ad1.jpg?w=450&h=275&fit=crop&s=1cce9c84f5f79f3c7f02e0f3e8915800,,,,OYM3-acAwF8
"Bentley Continental GT Speed Convertible on 22"" LZ-766",,https://www.youtube.com/embed/B5Y7FZ2yRKU,,https://lexani.com//img/vehicles/480079c09ef3f3607b2e59ebb7228118.jpg?w=450&h=275&fit=crop&s=dda38592c5976b2f3a80d92f6ac34a32,,"Click subscribe for new videos weekly!

LEXANI.COM 

Video by Ekko Media
Contact: ahodges@ekkomedia

Bentley Continental GT 
22"" LZ-766 Custom Finish 

Follow us on Instagram @lexani
http://alturl.com/5riws

Like us on Facebook
https://www.facebook.com/lexaniwheelcorporation",,B5Y7FZ2yRKU
"BMW 750i on 24"" CSS-15",,https://www.youtube.com/embed/uBcujaSDMkI,,https://lexani.com//img/vehicles/cace284be959735aba65b5d0fa36cf1a.jpg?w=450&h=275&fit=crop&s=331dff28867cf10f5af77cfe7094f5af,,"Click subscribe for new videos weekly!

LEXANI.COM 

Video by Ekko Media
Contact: ahodges@ekkomedia

2016 BMW 750i
24"" CSS-15 BG Finish Lexani Wheels

Follow us on Instagram @lexani
instagram.com/lexani

Like us on Facebook
https://www.facebook.com/lexaniwheelcorporation

Music: Jacob Lethal ""Real""
http://jacoblethalbeats.blogspot.com/",,uBcujaSDMkI
"Classic 69' Camaro 572 Big Block on LF-103",,https://www.youtube.com/embed/cj5aIDNuwHw,,https://lexani.com//img/vehicles/ba2ba2ecd900d8bb9b9c1af34b0b4674.jpg?w=450&h=275&fit=crop&s=7d780be0a2e067e7bad668f915ace00e,,"Special thank you to our friends at the world famous West Coast Customs!

IG: http://alturl.com/5riws
Custom Painted 1969 Big Block Chevrolet Camaro 
22"" LF-103 Gloss Black Finish

WHEELS: http://lexani.com/wheel/LT-103

MUSIC: ""Molten Iron"" - Stuart Rau
https://www.silinsbeats.com/

FOR MORE VIDEOS:
http://www.youtube.com/subscription_c...

TWITTER:
TWITTER.COM/LEXANIWHEELS

FACEBOOK:
FACEBOOK.COM/LEXANIWHEELCORPORATION",,cj5aIDNuwHw
"Wraith - MBT Finish",,https://www.youtube.com/embed/5McQsqdbPVE,,https://lexani.com//img/vehicles/3f0912054d29de5e66e4a96516fe5cf1.jpg?w=450&h=275&fit=crop&s=d157cc33b814512b30bd112cbdd35a2a,,,,5McQsqdbPVE
"Wraith - Custom Gold Finish",,https://www.youtube.com/embed/zvS7jQ9k7vg,,https://lexani.com//img/vehicles/cd0363b97634b33604c36f49cef054cd.jpg?w=450&h=275&fit=crop&s=f2e0b778e6295428e3d0ba4ff8680b96,,,,zvS7jQ9k7vg
"Infiniti Q70 on Twister",,https://www.youtube.com/embed/2PcsWob8T_Q,,https://lexani.com//img/vehicles/0126e015040b983cc70f024c5d9a7a60.jpg?w=450&h=275&fit=crop&s=9017ed7269cbb59055701514be6944c6,,"Click subscribe for new videos weekly!

LEXANI.COM

-Special thank you to GRACE CAB-
https://www.facebook.com/GraceCab-152296621582778/

MUSIC: Ambient Hip-Hop Glitch
https://audiojungle.net/item/ambient-hiphop-glitch/21285863

Buick Riviera // 22"" LF-712 custom finish

CLICK FOR MORE VIDEOS:
http://www.youtube.com/subscription_c...

FOLLOW US ON INSTAGRAM:
INSTAGRAM.COM/LEXANI

FOLLOW US ON TWITTER:
TWITTER.COM/LEXANIWHEELS

LIKE US ON FACEBOOK:
FACEBOOK.COM/LEXANIWHEELCORPORATION",,2PcsWob8T_Q
"Maserati Levante on CSS-15",,https://www.youtube.com/embed/lGJfxh9F6hg,,https://lexani.com//img/vehicles/3880e5369b8cc28f4f2def999cc7ecc1.jpg?w=450&h=275&fit=crop&s=f2fd11a753b826f68fe4963414d0adfd,,"Special thank you to our friends at LARTE Design!

SITE:
https://www.larte-design.com/tuning-kits/maserati-levante/

IG:
https://www.instagram.com/lartedesign/

Maserati Levante
Custom Shtorm Tuning Kit by Larte Design
Lexani CSS-15 - MBT Finish 22""

IG: https://www.instagram.com/lexani/

WHEELS: https://www.lexani.com/wheel/css-15

FOR MORE VIDEOS:
http://www.youtube.com/subscription_c...

TWITTER:
TWITTER.COM/LEXANIWHEELS

FACEBOOK:
FACEBOOK.COM/LEXANIWHEELCORPORATION",,lGJfxh9F6hg
"Range Rover Velar on Gravity",,https://www.youtube.com/embed/9DUSf_pu22o,,https://lexani.com//img/vehicles/6a08a3a8be5ebc1478bf1e751d87e582.jpg?w=450&h=275&fit=crop&s=7bc03d7998e58ed6f4ca198f12971b34,,"Can't wait to share our completely redone Land Rover Range Rover Velar on 24"" Gravity BG Finish Wheels and 275-35-24 LEXANI LX-20 tires!

Peep it the day after it got it's wheels!

LEXANI.COM

24"" Gravity BG FINISH /  275 -35-24  LEXANI LX -20 tires

INSTAGRAM
http://alturl.com/hbh93

FACEBOOK
FACEBOOK.COM/LexaniWheelCorporation

TWITTER
https://twitter.com/LexaniWheels",,9DUSf_pu22o
